<?xml version="1.0" encoding="UTF-8"?>
<beans xmlns="http://www.springframework.org/schema/beans"
       xmlns:xsi="http://www.w3.org/2001/XMLSchema-instance"
       xmlns:context="http://www.springframework.org/schema/context"
       xmlns:tx="http://www.springframework.org/schema/tx"
       xsi:schemaLocation="http://www.springframework.org/schema/beans
                    http://www.springframework.org/schema/beans/spring-beans.xsd
http://www.springframework.org/schema/contex
http://www.springframework.org/schema/context/spring-context.xsd
http://www.springframework.org/schema/tx
http://www.springframework.org/schema/tx/spring-tx.xsd">


    <!--dbcp链接池-->
    <bean id="dataSource" class="org.apache.commons.dbcp.BasicDataSource">
        <property name="driverClassName" value="com.mysql.jdbc.Driver"/>
        <property name="url" value="jdbc:mysql:///activiti"/>
        <property name="username" value="root"/>
        <property name="password" value="123456"/>
        <property name="maxActive" value="3"/>
        <property name="maxIdle" value="1"/>
    </bean>

    <!--在默认方式下 bean的id  固定为 processEngineConfiguration-->
    <bean id="processEngineConfiguration"
          class="org.activiti.engine.impl.cfg.StandaloneProcessEngineConfiguration">
        <!--配置数据库相关的信息-->
        <!--数据库驱动
        <property name="jdbcDriver" value="com.mysql.jdbc.Driver"/>-->
        <!--数据库链接
        <property name="jdbcUrl" value="jdbc:mysql:///activiti"/>-->
        <!--数据库用户名
        <property name="jdbcUsername" value="root"/>-->
        <!--数据库密码
        <property name="jdbcPassword" value="123456"/>-->
        <!--直接引用上面配置的链接池-->
        <property name="dataSource" ref="dataSource"/>
        <!--actviti数据库表在生成时的策略
        true - 如果数据库中已经存在相应的表，那么直接使用，
               如果不存在，那么会创建-->
        <property name="databaseSchemaUpdate" value="true"/>
    </bean>
</beans>